Goal,Steps on grass,myopia,moral judgment
a friend,0,0.04650352691567956,95.34964730843204
a friend,1,0.055763838937916275,94.42361610620837
a friend,2,0.0687613681289311,93.12386318710689
a friend,3,0.47200305277706733,52.79969472229327
a friend,4,0.9963462731054455,0.365372689455441
a friend,5,0.9965625103592267,0.343748964077335
a friend,6,0.9967642253727407,0.323577462725936
a friend,7,0.9969525908528908,0.30474091471091924
pain,0,0.04650352691567956,95.34964730843204
pain,1,0.055763838937916275,94.42361610620837
pain,2,0.0687613681289311,93.12386318710689
pain,3,0.08827590902170772,91.17240909782923
pain,4,0.12051847576240411,87.9481524237596
pain,5,0.18061542000628683,81.93845799937131
pain,6,0.30054784866529505,69.9452151334705
pain,7,0.49999999999999944,50.00000000000006
ice cream,0,0.04650352691567956,95.34964730843204
ice cream,1,0.055763838937916275,94.42361610620837
ice cream,2,0.06762798866979702,93.23720113302029
ice cream,3,0.9961142260358846,0.38857739641153444
ice cream,4,0.9963462774457498,0.3653722554250294
ice cream,5,0.9965625103592267,0.343748964077335
ice cream,6,0.9967642253727407,0.323577462725936
ice cream,7,0.9969525908528908,0.30474091471091924
vac clinic,0,0.04650352691567956,95.34964730843204
vac clinic,1,0.055763838937916275,94.42361610620837
vac clinic,2,0.0687613681289311,93.12386318710689
vac clinic,3,0.9512880338032654,4.871196619673455
vac clinic,4,0.9963462774457498,0.3653722554250294
vac clinic,5,0.9965625103592267,0.343748964077335
vac clinic,6,0.9967642253727407,0.323577462725936
vac clinic,7,0.9969525908528908,0.30474091471091924
porta-potty,0,0.04650352691567956,95.34964730843204
porta-potty,1,0.055763838937916275,94.42361610620837
porta-potty,2,0.0687613681289311,93.12386318710689
porta-potty,3,0.08827590902170772,91.17240909782923
porta-potty,4,0.12051847576240411,87.9481524237596
porta-potty,5,0.18061542000628683,81.93845799937131
porta-potty,6,0.30562530570292723,69.43746942970728
porta-potty,7,0.6593734972207215,34.06265027792786
police car,0,0.04650352691567956,95.34964730843204
police car,1,0.055763838937916275,94.42361610620837
police car,2,0.0687613681289311,93.12386318710689
police car,3,0.08827590902170772,91.17240909782923
police car,4,0.12051847576240411,87.9481524237596
police car,5,0.18525153888254572,81.47484611174542
police car,6,0.4192868849005516,58.07131150994484
police car,7,0.4430365619515421,55.69634380484579
